title,company,location,link
[인텔리전스랩스] 유저프로파일팀 프론트엔드 개발자,Nexon,경기도 성남,https://kr.indeed.com/viewjob?jk=d67f7d65a85af999
[TmaxMetaverse/R&D] 블록체인 개발자,티맥스소프트,성남 분당구,https://kr.indeed.com/viewjob?jk=8bc558aa84e205a2
데이터플랫폼 팀리드(Team Lead) 모집,넷마블,서울 구로구,https://kr.indeed.com/viewjob?jk=323fe51f7b745ff0
[SNOW] Server 백엔드 개발자,네이버,서울,https://kr.indeed.com/viewjob?jk=93e96d26cf9e572a
[메이플스토리 유니버스] 플랫폼 프론트엔드 개발자,Nexon,경기도 성남,https://kr.indeed.com/viewjob?jk=e3acbf48ee5bd132
[다름] 웹퍼블리셔 정규직,다름,서울 금천구,https://kr.indeed.com/viewjob?jk=e281b258d5c20f72
금융 분야 경력,LG CNS,서울,https://kr.indeed.com/viewjob?jk=4bb85e1d507ef7a8
[EY한영] 세무본부 PAS팀 IT 개발 담당 계약직 채용,EY,서울 영등포구,https://kr.indeed.com/viewjob?jk=834c7b3ef1e26098
[모두의기술] 프론트엔드 개발자,한국카카오은행,성남 분당구,https://kr.indeed.com/viewjob?jk=721813e2b004b652
Web Frontend개발,현대카드 캐피탈,서울 영등포구,https://kr.indeed.com/viewjob?jk=a65243a1d192b5c6
[오픈멤버] 프론트엔드(Vue) 경력 정규직,스너그스튜디오,서울 강남구,https://kr.indeed.com/viewjob?jk=db71bc6b1f7079b0
"풀필먼트 프로덕트 개발자 (Frontend - JavaScript, Vue)",컬리,서울 강남구,https://kr.indeed.com/viewjob?jk=fdb66a1126a50f84
AI 서비스 개발자 모집,엔씨소프트,성남 판교역,https://kr.indeed.com/viewjob?jk=1960861e5cd152d9
"css, 웹퍼블리셔(HTML코딩) 외 경력 정규직",에이피서비스,서울 강남구,https://kr.indeed.com/viewjob?jk=2dbe4c7e2066d839
핀테크 플랫폼 개발,NHN PAYCO,성남 판교역,https://kr.indeed.com/viewjob?jk=ed092cebbdf903d9
[TmaxCommerce/R&D] Commerce 개발자,티맥스소프트,성남 분당구,https://kr.indeed.com/viewjob?jk=fec8918a221ffa77
프론트엔드 경력 개발자 모집,GS ITM,서울 재동,https://kr.indeed.com/viewjob?jk=cdb619a3d501ee5c
SOFTWARE ENGINEER - FRONTEND,"ODK Media, Inc.",서울,https://kr.indeed.com/viewjob?jk=463c61239617b013
신사업 마케팅 플랫폼 프론트엔드 개발 담당자 모집,넷마블,서울 구로구,https://kr.indeed.com/viewjob?jk=49ce22163711d572
[11번가] 광고플랫폼 Frontend 개발자,십일번가,서울 중구,https://kr.indeed.com/viewjob?jk=1e14543ffe544109
[TmaxOffice/R&D] Super App 개발플랫폼 연구 개발자,티맥스소프트,성남 분당구,https://kr.indeed.com/viewjob?jk=fd2942b879bd8349
웹 개발(경력),대구텍,대구 가창면,https://kr.indeed.com/viewjob?jk=cb84b246924844c9
[웹젠] 프론트엔드 개발(신입),웹젠,성남 분당구,https://kr.indeed.com/viewjob?jk=31112ac9fb8f4d71
프론트엔드 시니어 (리더급),텐바이텐,서울 종로구,https://kr.indeed.com/viewjob?jk=a7440f97a1a4b0fb
통합영상판독부 Web 개발/운영 경력사원 채용,한화그룹,서울,https://kr.indeed.com/viewjob?jk=a88ce17bd532364f
AI 모빌리티 서비스의 미래 함께 열어갈 우수한 인재 찾습니다.,라온로드,성남 분당구,https://kr.indeed.com/viewjob?jk=5133adebeb209d23
Frontend Engineer,KidsLoop,서울,https://kr.indeed.com/viewjob?jk=7a95d93339926478
[웹젠] 프론트엔드 개발(경력),웹젠,성남 분당구,https://kr.indeed.com/viewjob?jk=776905ec8f6ee44b
[11번가] Frontend 개발 분야,십일번가,서울 중구,https://kr.indeed.com/viewjob?jk=eaff2f610b80dc8a
JAVA기반 프로젝트 PL/분석/설계/개발자 인재,비즈테크아이,서울 마포구,https://kr.indeed.com/viewjob?jk=90a08472c4df0146
[플레이채팅 유닛(CIC)] Java/Spring 서버 개발자 영입,카카오,성남 판교역,https://kr.indeed.com/viewjob?jk=f8e464b90582eeaa
"써머스플랫폼 Front-end 개발자 (JS:Java Script,Jquery,Vue,React)",써머스플랫폼,서울 금천구,https://kr.indeed.com/viewjob?jk=c69f995d5dfbdea2
개발자(프론트엔드/백엔드) 정규직 신입/경력자를 모십니다.,아토즈소프트 관심기업,서울 성수동2가,https://kr.indeed.com/viewjob?jk=c6846f4abf3d57cb
"핸즈 개발자(Nodejs, Vuejs, NativeScriptVue, C#, WPF)",핸즈,성남 수내동,https://kr.indeed.com/viewjob?jk=8ed1efaf7b652197
[발렌타인드림] 웹 개발자(프론트엔드 풀스택),발렌타인드림,서울 강남구,https://kr.indeed.com/viewjob?jk=10dbf4e3c58bee5d
[넥슨코리아] 사내시스템 웹 개발자,Nexon,경기도 성남,https://kr.indeed.com/viewjob?jk=8bd92dc6a036a986
"PHP 개발자(라라벨, vue 등) 채용",더치트주식회사 관심기업,서울 구로동,https://kr.indeed.com/viewjob?jk=e0e50a478da8fc08
게임 UI Framework 웹 에디터와 서비스를 개발할 프론트엔드 프로그래머 모집,엔씨소프트,성남 판교역,https://kr.indeed.com/viewjob?jk=104dc81632318307
[신입/경력] 프론트엔드 개발 (html외2 부문 정규직 모집,(주)원더온 관심기업,서울 성수동1가,https://kr.indeed.com/viewjob?jk=56e6e827298d33b6
"22년 7월 비상교육 IT직무(개발,퍼블리싱,AI) 수시채용(경력)",비상교육,대한민국,https://kr.indeed.com/viewjob?jk=8313dc656a845cdf
개발 및 운영 수시 채용,한미헬스케어,서울 방이동,https://kr.indeed.com/viewjob?jk=9bfc2f30c98c9f9b
[위메프] 신규서비스 프론트엔드 개발자,위메프,대한민국,https://kr.indeed.com/viewjob?jk=4a3d442f67ae27d7
빅데이터 플랫폼 서비스 개발자 모집,카카오,성남 판교역,https://kr.indeed.com/viewjob?jk=f934b466ae0434a3
"커머스플랫폼 Front-end 서버 개발자[매니저(G2), 책임매니저(G3)]",현대자동차그룹,서울 양재역,https://kr.indeed.com/viewjob?jk=eafb344078be64c7
NFT Fandom Product Web Publisher,LINE Plus corporation,대한민국,https://kr.indeed.com/viewjob?jk=954010f175035ce5
"프론트엔드 개발자 경력 정규직 (HTML, CSS, javascript)",바로페이,경상남도 진주,https://kr.indeed.com/viewjob?jk=d9364d157a8fdf87
플레이어 개발,아프리카TV,경기도 성남,https://kr.indeed.com/viewjob?jk=f172fb93d4cf8ff5
[FE개발1] Front-end 개발자 채용,11번가,서울 남대문로5가,https://kr.indeed.com/viewjob?jk=d368d934dda6729d
[2022 전문연구요원] Programming - 서비스 플랫폼 개발,엔씨소프트,성남 판교역,https://kr.indeed.com/viewjob?jk=aad13961b12efb3d
Blockchain Game Service Front-end Engineer,LINE Plus corporation,대한민국,https://kr.indeed.com/viewjob?jk=979c6a1703fc9c10
[위메프서비스] 프론트엔드 개발자,위메프,대한민국,https://kr.indeed.com/viewjob?jk=cd4215f2e3c50f03
Senior Data Scientist (Coupang Eats),Coupang,서울,https://kr.indeed.com/viewjob?jk=692f118ecbdf4a69
크래시 수집 라이브러리 개발자 모집,엔씨소프트,성남 판교역,https://kr.indeed.com/viewjob?jk=4ca293b919dee8a8
Frontend 개발자,플리토,서울 강남구,https://kr.indeed.com/viewjob?jk=cb85566aedd4d1cf
데이터플랫폼 풀스택(Full-Stack) 개발자 모집,넷마블,서울 구로구,https://kr.indeed.com/viewjob?jk=d07d3c3dc4ae996b
데이터 분석플랫폼 웹개발자 모집,카카오,성남 판교역,https://kr.indeed.com/viewjob?jk=fc4db69911802ead
Blockchain Game Service Client-Side Engineer,라인넥스트,성남 분당구,https://kr.indeed.com/viewjob?jk=71ea171db8ccd1b8
[신입/경력] (주)리우 IT개발자 채용,(주)리우 관심기업,서울 구로동,https://kr.indeed.com/viewjob?jk=90abce7baa171797
"Sr Software Engineer, Server, COV",Garrett Advancing Motion,경기도,https://kr.indeed.com/viewjob?jk=bfff4b3f0a6f5813
"[IT] Front-end Engineer - 커머스플랫폼[매니저, 책임매니저]",현대자동차그룹,대한민국,https://kr.indeed.com/viewjob?jk=17c7fe3f180f5382
프론트엔드 개발자 (스마트프런트팀),야놀자,서울 강남구,https://kr.indeed.com/viewjob?jk=85b633432fdc315d
E-Commerce 개발 및 운영 수시 채용,한미헬스케어,서울 방이동,https://kr.indeed.com/viewjob?jk=c2a8fe24a5e8edc0
퍼블리셔,미플즈,서울 강남구,https://kr.indeed.com/viewjob?jk=8fc08f371768bdbd
Blockchain Game Service Front-end Engineer,라인넥스트,성남 분당구,https://kr.indeed.com/viewjob?jk=afd4d79fe33298c6
솔루션개발 수시 채용,한미헬스케어,서울 방이동,https://kr.indeed.com/viewjob?jk=a170a94d090ac627
"[양재역] 웹개발 (풀스택+설계, 웹 아키텍처)",시니어앤파트너즈,서울 서초구,https://kr.indeed.com/viewjob?jk=1173ff9b8c65ab5a
[SSG/DATA] 분석플랫폼 웹 개발자 모집,에스에스지닷컴,서울 회현동,https://kr.indeed.com/viewjob?jk=1104e4e460301c35
프론트 개발자,미러로이드,성남 수정구,https://kr.indeed.com/viewjob?jk=b82bc8c3f59a8745
클라우드외2 분야 계약직 부문 경력무관 채용,심심이(주) 관심기업,서울 대치동,https://kr.indeed.com/viewjob?jk=56a60ef95683077b
Java 웹 개발 신입/경력/PM,시큐어비즈,서울 중랑구,https://kr.indeed.com/viewjob?jk=45b3d241e3f0ce1a
[ICT] 통합영상판독부 Web 개발/운영 채용,한화시스템,구미 공단동,https://kr.indeed.com/viewjob?jk=8a50b8142ca430c9
[BATTLEGROUNDS] Front-end Engineer (5년 이상),크래프톤,서울 서초구,https://kr.indeed.com/viewjob?jk=702d3c2c1132559f
[강남역] 투브플러스(주) 채용 공고,투브플러스(주) 관심기업,서울 역삼동,https://kr.indeed.com/viewjob?jk=3f1f2eae3b5f2c2b
Front-end 개발자,Success Korea,대한민국,https://kr.indeed.com/viewjob?jk=efb1c2b37dc02d6a
FY2022 상반기 경력사원 채용[퍼블리셔],교보생명,서울 종로동,https://kr.indeed.com/viewjob?jk=0b25ef5a7d004c46
웹 소프트웨어 개발 직원 채용,네이처아이,포항 남구,https://kr.indeed.com/viewjob?jk=c2f919e21aada214
제어설계 부문 공개채용,에스에프에이,화성 동탄면,https://kr.indeed.com/viewjob?jk=dbe6b46301518e96
Web Engineer (NFT Product),LINE Plus corporation,서울,https://kr.indeed.com/viewjob?jk=1097eadea8c18a14
Blockchain Game Service Client-Side Engineer,LINE Plus corporation,대한민국,https://kr.indeed.com/viewjob?jk=0c19623e4b70fc59
Front-end Software Engineer (Fleet Management 개발),Bear Robotics,서울,https://kr.indeed.com/viewjob?jk=26dc74afad7d3370
광고플랫폼개발 신입사원 채용,11번가,서울 남대문로5가,https://kr.indeed.com/viewjob?jk=902f2f5efc89e318
Server 백엔드 개발자 모집,스노우,성남 백현동,https://kr.indeed.com/viewjob?jk=29ace0092b65a18c
마케팅/사업 관리도구 개발 웹 Front-End 엔지니어 모집,엔씨소프트,성남 판교역,https://kr.indeed.com/viewjob?jk=6c80e69ab5dcc7f0
[Tax] IT 개발자 모집 (Tax 5 본부),삼정 KPMG,서울 강남구,https://kr.indeed.com/viewjob?jk=8156bd63568fe8b7
Web FrontEnd개발자 모집,알서포트,서울 몽촌토성역,https://kr.indeed.com/viewjob?jk=325fdeb1c842ea48
웹디자이너 신입 및 경력사원,디노비즈,강원도 강릉,https://kr.indeed.com/viewjob?jk=cd7e9b91d26055ed
"[AIRS] Frontend Engineer for Mobility[연구원, 책임연구원]",현대자동차그룹,서울 강남구,https://kr.indeed.com/viewjob?jk=d50309f6f5dd3ea0
플랫폼 Front-end 개발자 모집,엔씨소프트,성남 판교역,https://kr.indeed.com/viewjob?jk=b3a410dd224d3401
"MCS2본부 -연결 회계, 관리회계, 그룹 경영관리, 마이크로소프트 및 IT컨설턴트 채용",삼정 KPMG,서울 강남구,https://kr.indeed.com/viewjob?jk=82ce761572e73bd2
프론트엔드개발자,엠서클,서울 삼성동,https://kr.indeed.com/viewjob?jk=5dd6fdaf61e11692
풀스택 개발자,아트스피치앤커뮤니케이션,서울 마포구,https://kr.indeed.com/viewjob?jk=77daad1c1f080cb1
Solution & Platform추진단 TTS사업 Back-end 개발 경력사원 (상시),SK에너지,서울 종로구,https://kr.indeed.com/viewjob?jk=0df9846f6a308bb3
[AI 개발 솔루션 스타트업 개발 팀장]을 모집합니다.,(주)에이아이노미스 관심기업,서울 회기동,https://kr.indeed.com/viewjob?jk=a429bed48452f53e
신사업 경력직 채용[IT 플랫폼],현대글로비스,서울 역삼동,https://kr.indeed.com/viewjob?jk=bb277e354c37a6bb
Senior Partner Solutions Engineer - Korea,New Relic,서울,https://kr.indeed.com/viewjob?jk=97713dfdd3673b8a
Front/Back-end 개발자 경력 사원 공개 채용,한국일보사,서울 남대문로5가,https://kr.indeed.com/viewjob?jk=8b3df9eca01a4f29
(주)나눔에너지 웹퍼블리셔,나눔에너지,제주 제주시,https://kr.indeed.com/viewjob?jk=9708baf917d24efa
[Levvels] Frontend Engineer_NFT 마켓플레이스 서비스 개발,Levvels,서울,https://kr.indeed.com/viewjob?jk=14335edefbd78ad8
Senior Front-end Engineer (Eats),Coupang,서울,https://kr.indeed.com/viewjob?jk=e5c996c124da06e7
[유니버스] K-POP 엔터테인먼트 플랫폼 프런트엔드 프로그래머 모집,엔씨소프트,성남 판교역,https://kr.indeed.com/viewjob?jk=c29d6625ad6413f3
[IT개발] 프론트개발자 모집 (대리/사원급),통로,서울,https://kr.indeed.com/viewjob?jk=be9f091a56871f60
프론트엔드 엔지니어 (웹 퍼블리셔),주식회사 세이브앤코 관심기업,서울 신사동,https://kr.indeed.com/viewjob?jk=fe4a032d6ed06615
신사업 경력직 채용[모빌리티 플랫폼],현대글로비스,서울 역삼동,https://kr.indeed.com/viewjob?jk=c57a510a12178ae5
Senior Staff Mobile Engineer (Coupang Eats),Coupang,서울,https://kr.indeed.com/viewjob?jk=bd68035611f3e882
프론트엔드웹퍼블리셔,엠서클,서울 삼성동,https://kr.indeed.com/viewjob?jk=fe8e7eb4cc5b4bf5
(주)아크 응용프로그램개발(IOS앱개발&Windows외 1개 부문),아크,전주 완산구,https://kr.indeed.com/viewjob?jk=0cd67da9fe5b3529
[엔씨엘] JAVA 웹개발 정규직 - 경력,엔씨엘,서울 종로구,https://kr.indeed.com/viewjob?jk=0fe6f0ade3358fab
신사업 경력직 채용[EV배터리사업],현대글로비스,서울 역삼동,https://kr.indeed.com/viewjob?jk=3a2fc42f2b806e17
[로제타텍]IOT 데이터 이용한 웹개발자,로제타텍,서울 반포동,https://kr.indeed.com/viewjob?jk=6ae80b97aa5185d0
[EY한영] 세무본부 PAS 팀 IT 개발 담당 채용,EY,서울 영등포구,https://kr.indeed.com/viewjob?jk=c68bb379ee58db4f
[개발자] 모비데이즈 프론트엔드 개발자 경력직 채용,Mobidays,서울특별시,https://kr.indeed.com/viewjob?jk=115c46e0d1df11d8
회사와 함께 성장해 나갈 개발자분 환영,주식회사비알오,서울 서초구,https://kr.indeed.com/viewjob?jk=ba48c151efe46466
MKYU 풀스택 개발자,아트스피치앤커뮤니케이션,서울 마포구,https://kr.indeed.com/viewjob?jk=4e8496b81a90d451
"""누구나 쉽게 부동산 직거래"" 피터팬 좋은방 구하기 프론트엔드 개발자",두꺼비세상,서울 구로동,https://kr.indeed.com/viewjob?jk=975259dc9b8525c4
신사업 경력직 채용[퀵커머스],현대글로비스,서울 역삼동,https://kr.indeed.com/viewjob?jk=d0c00b9476988db5
"업템포와 함께 혁신 만들어갈 IT 인재 프론트/백엔드, 풀스택 개발자/PM",업템포마케터즈,서울 강남구,https://kr.indeed.com/viewjob?jk=14db32f1c08d3dba
주니어 웹 프론트엔드 개발자,키튼플래닛(주) 관심기업,용인 동천동,https://kr.indeed.com/viewjob?jk=eb79bb3959ab0cc8
신사업 경력직 채용[자율주행 로봇 배송],현대글로비스,서울 역삼동,https://kr.indeed.com/viewjob?jk=2a68eee0ea665bf5
프론트엔드,Success Korea,서울 선릉역,https://kr.indeed.com/viewjob?jk=3fdb3313faee912d
[Engineering Div] Web Front-End Developer Senior (5년 이상),크래프톤,서울 강남구,https://kr.indeed.com/viewjob?jk=72dd310aad0d4d66
웹디자이너/프런트개발자분 (이커머스 스타트업),더블아이즈,서울 용산구,https://kr.indeed.com/viewjob?jk=9521fbf0adbf1536
[위메프] D2C서비스 프론트엔드 개발자,위메프,대한민국,https://kr.indeed.com/viewjob?jk=cf008210329b235f
"Software Engineer, Frontend(프론트엔드 엔지니어, 서울)",LVIS,서울,https://kr.indeed.com/viewjob?jk=accfc2ec8ce79e18
링크샵스 웹 프론트(Frontend) 개발 및 유지보수 담당,링크샵스,서울 중구,https://kr.indeed.com/viewjob?jk=decec2d630da2a63
FrontEnd Engineer,Streami,서울,https://kr.indeed.com/viewjob?jk=a8eb42cb9e88ab17
웹 프론트엔드 시니어 개발자_5년이상,Success Korea,서울 송파구,https://kr.indeed.com/viewjob?jk=904b964fabbe1fd3
